{"stats":{"minecraft:custom":{"minecraft:time_since_rest":7120,"minecraft:open_chest":6,"minecraft:crouch_one_cm":1034,"minecraft:walk_one_cm":45448,"minecraft:play_time":17082,"minecraft:sprint_one_cm":55477,"minecraft:damage_taken":406,"tombstone:undead_killed":1,"minecraft:deaths":1,"minecraft:sneak_time":376,"minecraft:mob_kills":2,"minecraft:jump":201,"minecraft:damage_dealt":640,"minecraft:time_since_death":7454,"minecraft:total_world_time":17082,"minecraft:talked_to_villager":1,"minecraft:fall_one_cm":5520,"minecraft:fly_one_cm":30567},"minecraft:killed":{"minecraft:skeleton":1,"divinerpg:frost":1},"minecraft:killed_by":{"divinerpg:glacon":1},"minecraft:used":{"minecraft:leather_leggings":1,"minecraft:bread":3,"minecraft:leather_chestplate":1,"minecraft:iron_sword":14},"minecraft:mined":{"minecraft:blue_bed":2},"minecraft:picked_up":{"divinerpg:ice_shards":4,"apotheosis:gem":1,"minecraft:arrow":2,"minecraft:blue_bed":2}},"DataVersion":3120}