{"stats":{"minecraft:broken":{"minecraft:wooden_axe":2},"minecraft:custom":{"minecraft:mob_kills":20,"minecraft:interact_with_crafting_table":6,"minecraft:open_barrel":2,"minecraft:damage_dealt_resisted":0,"minecraft:leave_game":2,"minecraft:time_since_death":28172,"minecraft:sleep_in_bed":1,"minecraft:time_since_rest":46,"minecraft:sprint_one_cm":164999,"minecraft:walk_one_cm":172479,"minecraft:damage_taken":1348,"minecraft:drop":14,"minecraft:damage_dealt":5233,"minecraft:talked_to_villager":1,"minecraft:fly_one_cm":130729,"minecraft:open_chest":15,"minecraft:crouch_one_cm":1962,"minecraft:play_time":46861,"tombstone:undead_killed":16,"minecraft:deaths":2,"minecraft:sneak_time":686,"minecraft:jump":872,"minecraft:walk_on_water_one_cm":390,"minecraft:total_world_time":46861,"minecraft:fall_one_cm":22602},"minecraft:killed":{"minecraft:skeleton":5,"divinerpg:glacon":2,"minecraft:zombie":10,"divinerpg:kobblin":1,"divinerpg:frost":1,"minecraft:skeleton_horse":1},"minecraft:dropped":{"minecraft:rotten_flesh":2,"minecraft:dirt":1,"minecraft:leather_chestplate":1,"minecraft:potato":1,"biomesoplenty:fir_planks":1,"minecraft:iron_chestplate":2,"tombstone:grave_dust":2,"minecraft:gold_nugget":4,"divinerpg:white_mushroom":1},"minecraft:killed_by":{"divinerpg:glacon":2},"minecraft:crafted":{"minecraft:crafting_table":2,"biomesoplenty:fir_planks":32,"minecraft:gold_nugget":36,"minecraft:shield":1,"minecraft:stick":4,"minecraft:wooden_axe":2},"minecraft:used":{"minecraft:leather_leggings":1,"minecraft:leather_chestplate":1,"minecraft:iron_sword":103,"biomesoplenty:fir_planks":5,"minecraft:crafting_table":2,"minecraft:snowball":10,"minecraft:bread":18,"minecraft:iron_pickaxe":38,"tombstone:gift":3},"minecraft:mined":{"minecraft:powder_snow":13,"minecraft:emerald_ore":1,"ars_nouveau:sourceberry_bush":2,"minecraft:blue_bed":2,"minecraft:white_carpet":3,"minecraft:bookshelf":11,"minecraft:coal_ore":20,"minecraft:dirt":1,"minecraft:stone":5,"minecraft:netherrack":12,"farmersdelight:wild_potatoes":1,"minecraft:fern":1},"minecraft:picked_up":{"minecraft:iron_chestplate":1,"ars_nouveau:source_berry":50,"minecraft:potato":1,"biomesoplenty:fir_sapling":36,"biomesoplenty:fir_log":133,"minecraft:blue_bed":2,"minecraft:dirt":1,"minecraft:lantern":1,"ars_nouveau:green_archwood_sapling":3,"minecraft:bone":4,"minecraft:bow":1,"minecraft:gold_nugget":1,"biomesoplenty:fir_planks":8,"minecraft:rabbit_hide":1,"ars_nouveau:starbuncle_shards":4,"minecraft:book":33,"minecraft:stick":32,"apotheosis:gem":7,"divinerpg:terran_shards":1,"tombstone:grave_dust":2,"divinerpg:white_mushroom":1,"ars_nouveau:green_archwood_log":48,"divinerpg:ice_shards":14,"minecraft:bundle":1,"minecraft:arrow":7,"minecraft:rotten_flesh":2,"minecraft:soul_lantern":2,"minecraft:emerald":1,"minecraft:coal":20,"minecraft:cobblestone":5}},"DataVersion":3120}