{"stats":{"minecraft:broken":{"minecraft:wooden_axe":1},"minecraft:custom":{"minecraft:time_since_rest":9824,"minecraft:sprint_one_cm":104549,"minecraft:damage_taken":886,"minecraft:walk_one_cm":103235,"minecraft:mob_kills":6,"minecraft:drop":5,"minecraft:damage_dealt":2281,"minecraft:interact_with_crafting_table":1,"minecraft:talked_to_villager":1,"minecraft:fly_one_cm":74416,"minecraft:open_barrel":2,"minecraft:open_chest":10,"minecraft:crouch_one_cm":1216,"minecraft:play_time":29082,"tombstone:undead_killed":3,"minecraft:deaths":2,"minecraft:sneak_time":475,"minecraft:jump":524,"minecraft:damage_dealt_resisted":0,"minecraft:walk_on_water_one_cm":390,"minecraft:time_since_death":10393,"minecraft:total_world_time":29082,"minecraft:fall_one_cm":13440},"minecraft:killed":{"minecraft:skeleton":2,"divinerpg:glacon":2,"divinerpg:frost":1,"minecraft:skeleton_horse":1},"minecraft:dropped":{"minecraft:leather_chestplate":1,"biomesoplenty:fir_planks":1,"minecraft:iron_chestplate":2,"divinerpg:white_mushroom":1},"minecraft:killed_by":{"divinerpg:glacon":2},"minecraft:crafted":{"minecraft:crafting_table":1,"minecraft:wooden_axe":1},"minecraft:used":{"minecraft:leather_leggings":1,"minecraft:bread":8,"minecraft:leather_chestplate":1,"minecraft:iron_sword":45,"minecraft:crafting_table":1,"tombstone:gift":1,"minecraft:snowball":10},"minecraft:mined":{"minecraft:white_carpet":3,"minecraft:powder_snow":13,"minecraft:dirt":1,"minecraft:blue_bed":2,"minecraft:fern":1},"minecraft:picked_up":{"minecraft:iron_chestplate":1,"minecraft:stick":31,"apotheosis:gem":2,"biomesoplenty:fir_sapling":36,"biomesoplenty:fir_log":133,"minecraft:dirt":1,"minecraft:blue_bed":2,"minecraft:bundle":1,"divinerpg:white_mushroom":1,"divinerpg:ice_shards":14,"minecraft:arrow":3,"minecraft:bone":1,"biomesoplenty:fir_planks":8,"minecraft:rabbit_hide":1}},"DataVersion":3120}