{"stats":{"minecraft:broken":{"minecraft:wooden_axe":2},"minecraft:custom":{"minecraft:time_since_rest":19463,"minecraft:sprint_one_cm":130485,"minecraft:damage_taken":1238,"minecraft:walk_one_cm":146541,"minecraft:mob_kills":20,"minecraft:drop":9,"minecraft:damage_dealt":5233,"minecraft:interact_with_crafting_table":6,"minecraft:fly_one_cm":86142,"minecraft:talked_to_villager":1,"minecraft:open_barrel":2,"minecraft:open_chest":12,"minecraft:play_time":38721,"minecraft:crouch_one_cm":1357,"tombstone:undead_killed":16,"minecraft:deaths":2,"minecraft:sneak_time":560,"minecraft:damage_dealt_resisted":0,"minecraft:jump":656,"minecraft:leave_game":1,"minecraft:time_since_death":20032,"minecraft:walk_on_water_one_cm":390,"minecraft:total_world_time":38721,"minecraft:fall_one_cm":14485},"minecraft:dropped":{"minecraft:leather_chestplate":1,"minecraft:dirt":1,"biomesoplenty:fir_planks":1,"minecraft:iron_chestplate":2,"tombstone:grave_dust":2,"minecraft:rotten_flesh":2,"divinerpg:white_mushroom":1},"minecraft:killed":{"minecraft:skeleton":5,"divinerpg:glacon":2,"minecraft:zombie":10,"divinerpg:kobblin":1,"divinerpg:frost":1,"minecraft:skeleton_horse":1},"minecraft:killed_by":{"divinerpg:glacon":2},"minecraft:crafted":{"biomesoplenty:fir_planks":16,"minecraft:shield":1,"minecraft:crafting_table":2,"minecraft:stick":4,"minecraft:wooden_axe":2},"minecraft:used":{"minecraft:leather_leggings":1,"minecraft:bread":15,"minecraft:leather_chestplate":1,"minecraft:iron_sword":103,"minecraft:crafting_table":2,"tombstone:gift":3,"minecraft:snowball":10},"minecraft:mined":{"minecraft:white_carpet":3,"minecraft:powder_snow":13,"minecraft:bookshelf":11,"minecraft:dirt":1,"minecraft:blue_bed":2,"minecraft:fern":1},"minecraft:picked_up":{"minecraft:book":33,"apotheosis:gem":7,"minecraft:iron_chestplate":1,"minecraft:stick":32,"ars_nouveau:source_berry":31,"divinerpg:terran_shards":1,"biomesoplenty:fir_sapling":36,"biomesoplenty:fir_log":133,"tombstone:grave_dust":2,"minecraft:lantern":1,"minecraft:dirt":1,"minecraft:blue_bed":2,"ars_nouveau:green_archwood_log":48,"minecraft:bundle":1,"divinerpg:ice_shards":14,"divinerpg:white_mushroom":1,"minecraft:bone":4,"minecraft:arrow":7,"ars_nouveau:green_archwood_sapling":3,"minecraft:rotten_flesh":2,"minecraft:bow":1,"minecraft:soul_lantern":2,"biomesoplenty:fir_planks":8,"minecraft:rabbit_hide":1}},"DataVersion":3120}