{"stats":{"minecraft:custom":{"minecraft:time_since_rest":1930,"minecraft:sprint_one_cm":2981,"minecraft:play_time":1930,"minecraft:damage_taken":80,"minecraft:time_since_death":1930,"minecraft:walk_one_cm":4290,"minecraft:total_world_time":1930,"minecraft:fall_one_cm":1302,"minecraft:fly_one_cm":297,"minecraft:jump":9},"minecraft:mined":{"biomesoplenty:fir_leaves":18,"biomesoplenty:toadstool":1},"minecraft:picked_up":{"biomesoplenty:fir_sapling":1,"biomesoplenty:toadstool":1,"minecraft:stick":2}},"DataVersion":3120}