{"stats":{"minecraft:broken":{"minecraft:wooden_axe":1},"minecraft:custom":{"minecraft:open_barrel":1,"minecraft:time_since_rest":0,"minecraft:play_time":25930,"minecraft:sprint_one_cm":101090,"minecraft:deaths":3,"minecraft:damage_taken":790,"minecraft:walk_one_cm":71865,"minecraft:sneak_time":44,"minecraft:drop":10,"minecraft:jump":254,"minecraft:damage_dealt":0,"minecraft:time_since_death":10318,"minecraft:sleep_in_bed":1,"minecraft:climb_one_cm":2472,"minecraft:total_world_time":25930,"minecraft:interact_with_crafting_table":7,"minecraft:fall_one_cm":6217,"minecraft:fly_one_cm":20085,"minecraft:open_chest":3},"minecraft:dropped":{"biomesoplenty:fir_planks":8,"minecraft:stick":2},"minecraft:killed_by":{"divinerpg:glacon":3},"minecraft:crafted":{"biomesoplenty:fir_planks":32,"minecraft:white_bed":1,"minecraft:crafting_table":1,"minecraft:stick":4,"minecraft:wooden_pickaxe":1,"minecraft:wooden_axe":1},"minecraft:used":{"minecraft:wooden_axe":1,"minecraft:crafting_table":1,"biomesoplenty:fir_sapling":6,"minecraft:white_bed":1,"minecraft:wooden_pickaxe":1},"minecraft:mined":{"biomesoplenty:fir_leaves":70,"biomesoplenty:toadstool":1,"minecraft:crafting_table":1,"biomesoplenty:fir_log":9},"minecraft:picked_up":{"biomesoplenty:toadstool":1,"minecraft:leather_chestplate":1,"minecraft:iron_chestplate":1,"minecraft:stick":14,"minecraft:crafting_table":1,"biomesoplenty:fir_planks":1,"biomesoplenty:fir_sapling":20,"biomesoplenty:fir_log":98,"divinerpg:white_mushroom":1}},"DataVersion":3120}