{"stats":{"minecraft:mined":{"biomesoplenty:stripped_fir_log":1,"minecraft:hay_block":1,"ars_nouveau:purple_archwood_leaves":1,"biomesoplenty:toadstool":1,"minecraft:ice":2,"minecraft:spruce_log":1,"biomesoplenty:violet":1,"minecraft:powder_snow":3,"minecraft:yellow_bed":1,"biomesoplenty:fir_log":16,"minecraft:crafting_table":1,"minecraft:grass":2,"minecraft:bookshelf":1,"divinerpg:divine_planks":2,"minecraft:grass_block":9,"biomesoplenty:fir_leaves":70,"minecraft:cyan_carpet":1,"minecraft:dirt":30,"minecraft:spruce_slab":1,"minecraft:fern":1},"minecraft:dropped":{"biomesoplenty:fir_planks":8,"minecraft:stick":2},"minecraft:custom":{"minecraft:sprint_one_cm":282837,"minecraft:damage_taken":2052,"minecraft:walk_one_cm":200668,"minecraft:drop":10,"minecraft:damage_dealt":98,"minecraft:interact_with_crafting_table":7,"minecraft:fly_one_cm":74915,"minecraft:open_barrel":7,"minecraft:open_chest":9,"minecraft:interact_with_loom":1,"minecraft:play_time":160103,"minecraft:sneak_time":198,"minecraft:deaths":7,"minecraft:walk_under_water_one_cm":1460,"minecraft:jump":753,"minecraft:leave_game":5,"minecraft:time_since_death":68954,"minecraft:walk_on_water_one_cm":6676,"minecraft:sleep_in_bed":2,"minecraft:total_world_time":160103,"minecraft:climb_one_cm":2472,"minecraft:fall_one_cm":15840,"minecraft:time_since_rest":8916},"minecraft:used":{"minecraft:wooden_axe":1,"minecraft:iron_shovel":18,"minecraft:iron_axe":38,"biomesoplenty:fir_sapling":6,"minecraft:bread":8,"divinerpg:divine_planks":2,"minecraft:wooden_pickaxe":1,"minecraft:dirt":27,"minecraft:crafting_table":1,"tombstone:gift":2,"minecraft:white_bed":1,"biomesoplenty:fir_log":35},"minecraft:picked_up":{"minecraft:crafting_table":1,"biomesoplenty:toadstool":1,"minecraft:golden_helmet":1,"minecraft:stick":14,"minecraft:iron_chestplate":1,"minecraft:leather_chestplate":1,"minecraft:torch":1,"biomesoplenty:fir_sapling":20,"biomesoplenty:fir_log":102,"biomesoplenty:violet":1,"divinerpg:divine_door":1,"minecraft:yellow_bed":1,"minecraft:spruce_log":1,"minecraft:dirt":54,"divinerpg:divine_fence":1,"minecraft:cyan_carpet":3,"divinerpg:white_mushroom":1,"minecraft:rotten_flesh":1,"biomesoplenty:stripped_fir_log":1,"minecraft:soul_lantern":1,"biomesoplenty:fir_planks":1,"minecraft:hay_block":2,"minecraft:spruce_slab":1,"divinerpg:divine_planks":3,"minecraft:snowball":1,"minecraft:book":3},"minecraft:killed_by":{"divinerpg:glacon":7},"minecraft:crafted":{"biomesoplenty:fir_planks":32,"minecraft:crafting_table":1,"minecraft:stick":4,"minecraft:wooden_pickaxe":1,"minecraft:wooden_axe":1,"minecraft:white_bed":1},"minecraft:broken":{"minecraft:wooden_axe":1}},"DataVersion":3120}