{"stats":{"minecraft:broken":{"minecraft:wooden_axe":1},"minecraft:custom":{"minecraft:time_since_rest":11416,"minecraft:sprint_one_cm":107692,"minecraft:damage_taken":861,"minecraft:walk_one_cm":89888,"minecraft:drop":10,"minecraft:damage_dealt":0,"minecraft:interact_with_crafting_table":7,"minecraft:fly_one_cm":20865,"minecraft:open_barrel":5,"minecraft:open_chest":3,"minecraft:play_time":37930,"minecraft:deaths":3,"minecraft:sneak_time":44,"minecraft:jump":286,"minecraft:time_since_death":22318,"minecraft:sleep_in_bed":1,"minecraft:total_world_time":37930,"minecraft:climb_one_cm":2472,"minecraft:fall_one_cm":7285},"minecraft:dropped":{"biomesoplenty:fir_planks":8,"minecraft:stick":2},"minecraft:killed_by":{"divinerpg:glacon":3},"minecraft:crafted":{"biomesoplenty:fir_planks":32,"minecraft:crafting_table":1,"minecraft:stick":4,"minecraft:wooden_pickaxe":1,"minecraft:wooden_axe":1,"minecraft:white_bed":1},"minecraft:used":{"minecraft:wooden_axe":1,"biomesoplenty:fir_sapling":6,"minecraft:iron_axe":3,"minecraft:bread":2,"divinerpg:divine_planks":2,"minecraft:wooden_pickaxe":1,"minecraft:crafting_table":1,"minecraft:white_bed":1,"biomesoplenty:fir_log":18},"minecraft:mined":{"minecraft:hay_block":1,"biomesoplenty:toadstool":1,"biomesoplenty:fir_log":9,"minecraft:crafting_table":1,"divinerpg:divine_planks":2,"biomesoplenty:fir_leaves":70},"minecraft:picked_up":{"minecraft:golden_helmet":1,"biomesoplenty:toadstool":1,"minecraft:crafting_table":1,"minecraft:stick":14,"minecraft:iron_chestplate":1,"minecraft:leather_chestplate":1,"minecraft:torch":1,"biomesoplenty:fir_log":98,"biomesoplenty:fir_sapling":20,"divinerpg:divine_door":1,"minecraft:dirt":15,"divinerpg:white_mushroom":1,"biomesoplenty:fir_planks":1,"minecraft:hay_block":2,"divinerpg:divine_planks":3,"minecraft:snowball":1}},"DataVersion":3120}