{"stats":{"minecraft:custom":{"minecraft:time_since_rest":3402,"minecraft:play_time":13930,"minecraft:sprint_one_cm":40502,"minecraft:deaths":2,"minecraft:damage_taken":580,"minecraft:walk_one_cm":36342,"minecraft:jump":101,"minecraft:time_since_death":3635,"minecraft:total_world_time":13930,"minecraft:interact_with_crafting_table":6,"minecraft:fall_one_cm":5472,"minecraft:fly_one_cm":5304},"minecraft:killed_by":{"divinerpg:glacon":2},"minecraft:crafted":{"biomesoplenty:fir_planks":20,"minecraft:crafting_table":1,"minecraft:stick":4,"minecraft:wooden_pickaxe":1,"minecraft:wooden_axe":1},"minecraft:used":{"minecraft:crafting_table":1,"minecraft:wooden_pickaxe":1},"minecraft:mined":{"biomesoplenty:fir_leaves":70,"biomesoplenty:toadstool":1,"minecraft:crafting_table":1,"biomesoplenty:fir_log":8},"minecraft:picked_up":{"biomesoplenty:toadstool":1,"minecraft:stick":2,"minecraft:crafting_table":1,"biomesoplenty:fir_sapling":2,"biomesoplenty:fir_log":8}},"DataVersion":3120}